date_utc	2026-10-02T08:59:53Z
revision	a4180371fe0b92514fb8cdd52d3e016fb28277aa
dirty	7
action	time
mode	fresh
samples	10
repetitions	1
level	2
profile	normal
configs	rune,native:mlton,native:smlnj-legacy,native:polyml
filter	tak-nofib
machine	Linux ThinkStation 6.18.33.2-microsoft-standard-WSL2 #1 SMP PREEMPT_DYNAMIC Thu Jun 18 21:54:43 UTC 2026 x86_64 x86_64 x86_64 GNU/Linux
time_tool	time (GNU Time) UNKNOWN
runtime_options	
timezone	NST3:30NDT,M3.2.0,M11.1.0
locale	C
limit_method	AS except PolyML data quota and capped managed heap
compile_samples	1 fresh build per workload/configuration
os_clock_resolution	GNU time wall seconds printed to hundredths
in_process_clock	SML Time.now, formatted to nanoseconds; precision is host dependent
native_options	compiler defaults; level column refers to Rune only
