date_utc	2026-10-01T18:49:03Z
revision	e2f183fa7a395f27e42fa02441305e03be869fff
dirty	31
action	time
mode	repeated
samples	2
repetitions	5
level	2
profile	normal
configs	rune,native:mlton,native:smlnj-legacy,native:polyml
filter	primes
machine	Linux ThinkStation 6.18.33.2-microsoft-standard-WSL2 #1 SMP PREEMPT_DYNAMIC Thu Jun 18 21:54:43 UTC 2026 x86_64 x86_64 x86_64 GNU/Linux
time_tool	time (GNU Time) UNKNOWN
runtime_options	
timezone	NST3:30NDT,M3.2.0,M11.1.0
locale	C
limit_method	AS except PolyML data quota and capped managed heap
compile_samples	1 fresh build per workload/configuration
os_clock_resolution	GNU time wall seconds printed to hundredths
in_process_clock	SML Time.now, formatted to nanoseconds; precision is host dependent
native_options	compiler defaults; level column refers to Rune only
