benchmark	profile	upstream	source_path	args	expected	sources	timeout	memory_kib	tags	input_files	result_check	status
tak	smoke	mlton	benchmark/tests/tak.sml	18 12 6 1	tak/smoke.expected	shared/input.sml,tak/benchmark.sml,shared/main.sml	30	1048576	calls-recursion,pilot	-	exact	implemented
tak	normal	mlton	benchmark/tests/tak.sml	24 16 8 10	tak/normal.expected	shared/input.sml,tak/benchmark.sml,shared/main.sml	600	4194304	calls-recursion,pilot	-	exact	implemented
tak	large	mlton	benchmark/tests/tak.sml	33 22 11 1	tak/large.expected	shared/input.sml,tak/benchmark.sml,shared/main.sml	3600	8388608	calls-recursion,pilot	-	exact	implemented
kittmergesort	smoke	mlkit	test/kittmergesort.sml	100	kittmergesort/smoke.expected	shared/input.sml,shared/kittmergesort.sml,kittmergesort/benchmark.sml,shared/main.sml	30	1048576	lists-streams,allocation-lifetimes,pilot	-	exact	implemented
kittmergesort	normal	mlkit	test/kittmergesort.sml	50000	kittmergesort/normal.expected	shared/input.sml,shared/kittmergesort.sml,kittmergesort/benchmark.sml,shared/main.sml	600	4194304	lists-streams,allocation-lifetimes,pilot	-	exact	implemented
kittmergesort	large	mlkit	test/kittmergesort.sml	100000	kittmergesort/large.expected	shared/input.sml,shared/kittmergesort.sml,kittmergesort/benchmark.sml,shared/main.sml	3600	8388608	lists-streams,allocation-lifetimes,pilot	-	exact	implemented
primes-lazy	smoke	nofib	imaginary/primes	10 1	primes-lazy/smoke.expected	shared/input.sml,shared/primes.sml,primes-lazy/benchmark.sml,shared/main.sml	30	1048576	lists-streams,closures,sharing,pilot	-	exact	implemented
primes-lazy	normal	nofib	imaginary/primes	100 100	primes-lazy/normal.expected	shared/input.sml,shared/primes.sml,primes-lazy/benchmark.sml,shared/main.sml	600	4194304	lists-streams,closures,sharing,pilot	-	exact	implemented
primes-lazy	large	nofib	imaginary/primes	400 100	primes-lazy/large.expected	shared/input.sml,shared/primes.sml,primes-lazy/benchmark.sml,shared/main.sml	3600	8388608	lists-streams,closures,sharing,pilot	-	exact	implemented
primes-strict	smoke	nofib	imaginary/primes	10 1	primes-strict/smoke.expected	shared/input.sml,shared/primes.sml,primes-strict/benchmark.sml,shared/main.sml	30	1048576	lists-streams,allocation-lifetimes,pilot	-	exact	implemented
primes-strict	normal	nofib	imaginary/primes	100 100	primes-strict/normal.expected	shared/input.sml,shared/primes.sml,primes-strict/benchmark.sml,shared/main.sml	600	4194304	lists-streams,allocation-lifetimes,pilot	-	exact	implemented
primes-strict	large	nofib	imaginary/primes	400 100	primes-strict/large.expected	shared/input.sml,shared/primes.sml,primes-strict/benchmark.sml,shared/main.sml	3600	8388608	lists-streams,allocation-lifetimes,pilot	-	exact	implemented
bdd	smoke	sandmark	benchmarks/bdd/bdd.exe	8 100	bdd/smoke.expected	shared/input.sml,bdd/benchmark.sml,shared/main.sml	30	1048576	symbolic-search,arrays,allocation-lifetimes,pilot	-	exact	implemented
bdd	normal	sandmark	benchmarks/bdd/bdd.exe	18 100	bdd/normal.expected	shared/input.sml,bdd/benchmark.sml,shared/main.sml	600	4194304	symbolic-search,arrays,allocation-lifetimes,pilot	-	exact	implemented
bdd	large	sandmark	benchmarks/bdd/bdd.exe	22 100	bdd/large.expected	shared/input.sml,bdd/benchmark.sml,shared/main.sml	3600	8388608	symbolic-search,arrays,allocation-lifetimes,pilot	-	exact	implemented
fib	smoke	mlton	benchmark/tests/fib.sml	20 1	fib/smoke.expected	shared/input.sml,fib/benchmark.sml,shared/main.sml	30	1048576	calls-recursion,m2-core	-	exact	implemented
fib	normal	mlton	benchmark/tests/fib.sml	30 1	fib/normal.expected	shared/input.sml,fib/benchmark.sml,shared/main.sml	600	4194304	calls-recursion,m2-core	-	exact	implemented
fib	large	mlton	benchmark/tests/fib.sml	41 1	fib/large.expected	shared/input.sml,fib/benchmark.sml,shared/main.sml	3600	8388608	calls-recursion,m2-core	-	exact	implemented
tailfib	smoke	mlton	benchmark/tests/tailfib.sml	20 1	tailfib/smoke.expected	shared/input.sml,tailfib/benchmark.sml,shared/main.sml	30	1048576	calls-recursion,m2-core	-	exact	implemented
tailfib	normal	mlton	benchmark/tests/tailfib.sml	44 1000	tailfib/normal.expected	shared/input.sml,tailfib/benchmark.sml,shared/main.sml	600	4194304	calls-recursion,m2-core	-	exact	implemented
tailfib	large	mlton	benchmark/tests/tailfib.sml	44 1000000	tailfib/large.expected	shared/input.sml,tailfib/benchmark.sml,shared/main.sml	3600	8388608	calls-recursion,m2-core	-	exact	implemented
even-odd	smoke	mlton	benchmark/tests/even-odd.sml	1000 1	even-odd/smoke.expected	shared/input.sml,even-odd/benchmark.sml,shared/main.sml	30	1048576	calls-recursion,m2-core	-	exact	implemented
even-odd	normal	mlton	benchmark/tests/even-odd.sml	1000000 1	even-odd/normal.expected	shared/input.sml,even-odd/benchmark.sml,shared/main.sml	600	4194304	calls-recursion,m2-core	-	exact	implemented
even-odd	large	mlton	benchmark/tests/even-odd.sml	500000000 1	even-odd/large.expected	shared/input.sml,even-odd/benchmark.sml,shared/main.sml	3600	8388608	calls-recursion,m2-core	-	exact	implemented
merge	smoke	mlton	benchmark/tests/merge.sml	100 1	merge/smoke.expected	shared/input.sml,merge/benchmark.sml,shared/main.sml	30	1048576	lists-streams,allocation-lifetimes,m2-core	-	exact	implemented
merge	normal	mlton	benchmark/tests/merge.sml	10000 10	merge/normal.expected	shared/input.sml,merge/benchmark.sml,shared/main.sml	600	4194304	lists-streams,allocation-lifetimes,m2-core	-	exact	implemented
merge	large	mlton	benchmark/tests/merge.sml	100000 25	merge/large.expected	shared/input.sml,merge/benchmark.sml,shared/main.sml	3600	8388608	lists-streams,allocation-lifetimes,m2-core	-	exact	implemented
tailmerge	smoke	mlton	benchmark/tests/tailmerge.sml	100 1	tailmerge/smoke.expected	shared/input.sml,tailmerge/benchmark.sml,shared/main.sml	30	1048576	lists-streams,allocation-lifetimes,m2-core	-	exact	implemented
tailmerge	normal	mlton	benchmark/tests/tailmerge.sml	10000 10	tailmerge/normal.expected	shared/input.sml,tailmerge/benchmark.sml,shared/main.sml	600	4194304	lists-streams,allocation-lifetimes,m2-core	-	exact	implemented
tailmerge	large	mlton	benchmark/tests/tailmerge.sml	100000 25	tailmerge/large.expected	shared/input.sml,tailmerge/benchmark.sml,shared/main.sml	3600	8388608	lists-streams,allocation-lifetimes,m2-core	-	exact	implemented
imp-for	smoke	mlton	benchmark/tests/imp-for.sml	2 1	imp-for/smoke.expected	shared/input.sml,imp-for/benchmark.sml,shared/main.sml	30	1048576	closures,mutation,m2-core	-	exact	implemented
imp-for	normal	mlton	benchmark/tests/imp-for.sml	5 1	imp-for/normal.expected	shared/input.sml,imp-for/benchmark.sml,shared/main.sml	600	4194304	closures,mutation,m2-core	-	exact	implemented
imp-for	large	mlton	benchmark/tests/imp-for.sml	10 1	imp-for/large.expected	shared/input.sml,imp-for/benchmark.sml,shared/main.sml	3600	8388608	closures,mutation,m2-core	-	exact	implemented
vector-rev	smoke	mlton	benchmark/tests/vector-rev.sml	100 1	vector-rev/smoke.expected	shared/input.sml,vector-rev/benchmark.sml,shared/main.sml	30	1048576	arrays,allocation-lifetimes,m2-core	-	exact	implemented
vector-rev	normal	mlton	benchmark/tests/vector-rev.sml	10000 10	vector-rev/normal.expected	shared/input.sml,vector-rev/benchmark.sml,shared/main.sml	600	4194304	arrays,allocation-lifetimes,m2-core	-	exact	implemented
vector-rev	large	mlton	benchmark/tests/vector-rev.sml	200000 1001	vector-rev/large.expected	shared/input.sml,vector-rev/benchmark.sml,shared/main.sml	3600	8388608	arrays,allocation-lifetimes,m2-core	-	exact	implemented
vector32-concat	smoke	mlton	benchmark/tests/vector32-concat.sml	100 1	vector32-concat/smoke.expected	shared/input.sml,vector32-concat/benchmark.sml,shared/main.sml	30	1048576	arrays,integer-arithmetic,allocation-lifetimes,m2-core	-	exact	implemented
vector32-concat	normal	mlton	benchmark/tests/vector32-concat.sml	5000 10	vector32-concat/normal.expected	shared/input.sml,vector32-concat/benchmark.sml,shared/main.sml	600	4194304	arrays,integer-arithmetic,allocation-lifetimes,m2-core	-	exact	implemented
vector32-concat	large	mlton	benchmark/tests/vector32-concat.sml	20000 10001	vector32-concat/large.expected	shared/input.sml,vector32-concat/benchmark.sml,shared/main.sml	3600	8388608	arrays,integer-arithmetic,allocation-lifetimes,m2-core	-	exact	implemented
vector64-concat	smoke	mlton	benchmark/tests/vector64-concat.sml	100 1	vector64-concat/smoke.expected	shared/input.sml,vector64-concat/benchmark.sml,shared/main.sml	30	1048576	arrays,integer-arithmetic,allocation-lifetimes,m2-core,requires-Int64	-	exact	implemented
vector64-concat	normal	mlton	benchmark/tests/vector64-concat.sml	5000 10	vector64-concat/normal.expected	shared/input.sml,vector64-concat/benchmark.sml,shared/main.sml	600	4194304	arrays,integer-arithmetic,allocation-lifetimes,m2-core,requires-Int64	-	exact	implemented
vector64-concat	large	mlton	benchmark/tests/vector64-concat.sml	20000 10001	vector64-concat/large.expected	shared/input.sml,vector64-concat/benchmark.sml,shared/main.sml	3600	8388608	arrays,integer-arithmetic,allocation-lifetimes,m2-core,requires-Int64	-	exact	implemented
string-concat	smoke	mlton	benchmark/tests/string-concat.sml	26 1	string-concat/smoke.expected	shared/input.sml,string-concat/benchmark.sml,shared/main.sml	30	1048576	strings,allocation-lifetimes,m2-core	-	exact	implemented
string-concat	normal	mlton	benchmark/tests/string-concat.sml	1000 100	string-concat/normal.expected	shared/input.sml,string-concat/benchmark.sml,shared/main.sml	600	4194304	strings,allocation-lifetimes,m2-core	-	exact	implemented
string-concat	large	mlton	benchmark/tests/string-concat.sml	2017 10001	string-concat/large.expected	shared/input.sml,string-concat/benchmark.sml,shared/main.sml	3600	8388608	strings,allocation-lifetimes,m2-core	-	exact	implemented
wc-input1	smoke	mlton	benchmark/tests/wc-input1.sml	1000 1	wc-input1/smoke.expected	shared/input.sml,wc-input1/benchmark.sml,shared/main.sml	30	1048576	io,strings,m2-core	-	exact	implemented
wc-input1	normal	mlton	benchmark/tests/wc-input1.sml	100000 10	wc-input1/normal.expected	shared/input.sml,wc-input1/benchmark.sml,shared/main.sml	600	4194304	io,strings,m2-core	-	exact	implemented
wc-input1	large	mlton	benchmark/tests/wc-input1.sml	1000000 3	wc-input1/large.expected	shared/input.sml,wc-input1/benchmark.sml,shared/main.sml	3600	8388608	io,strings,m2-core	-	exact	implemented
wc-scanStream	smoke	mlton	benchmark/tests/wc-scanStream.sml	1000 1	wc-scanStream/smoke.expected	shared/input.sml,wc-scanStream/benchmark.sml,shared/main.sml	30	1048576	io,strings,m2-core	-	exact	implemented
wc-scanStream	normal	mlton	benchmark/tests/wc-scanStream.sml	100000 10	wc-scanStream/normal.expected	shared/input.sml,wc-scanStream/benchmark.sml,shared/main.sml	600	4194304	io,strings,m2-core	-	exact	implemented
wc-scanStream	large	mlton	benchmark/tests/wc-scanStream.sml	1000000 3	wc-scanStream/large.expected	shared/input.sml,wc-scanStream/benchmark.sml,shared/main.sml	3600	8388608	io,strings,m2-core	-	exact	implemented
checksum	smoke	mlton	benchmark/tests/checksum.sml	1024 1	checksum/smoke.expected	shared/input.sml,checksum/benchmark.sml,shared/main.sml	30	1048576	arrays,integer-arithmetic,m2-core	-	exact	implemented
checksum	normal	mlton	benchmark/tests/checksum.sml	1000000 10	checksum/normal.expected	shared/input.sml,checksum/benchmark.sml,shared/main.sml	600	4194304	arrays,integer-arithmetic,m2-core	-	exact	implemented
checksum	large	mlton	benchmark/tests/checksum.sml	10000000 1	checksum/large.expected	shared/input.sml,checksum/benchmark.sml,shared/main.sml	3600	8388608	arrays,integer-arithmetic,m2-core	-	exact	implemented
boyer	smoke	mlton	benchmark/tests/boyer.sml	1	boyer/smoke.expected	shared/input.sml,boyer/benchmark.sml,shared/main.sml	30	1048576	application,m2-core	-	exact	implemented
boyer	normal	mlton	benchmark/tests/boyer.sml	10	boyer/normal.expected	shared/input.sml,boyer/benchmark.sml,shared/main.sml	600	4194304	application,m2-core	-	exact	implemented
boyer	large	mlton	benchmark/tests/boyer.sml	24	boyer/large.expected	shared/input.sml,boyer/benchmark.sml,shared/main.sml	3600	8388608	application,m2-core	-	exact	implemented
nucleic	smoke	mlton	benchmark/tests/nucleic.sml	1	nucleic/smoke.expected	shared/input.sml,nucleic/benchmark.sml,shared/main.sml	30	1048576	application,m2-core	-	checked-numerical	implemented
nucleic	normal	mlton	benchmark/tests/nucleic.sml	4	nucleic/normal.expected	shared/input.sml,nucleic/benchmark.sml,shared/main.sml	600	4194304	application,m2-core	-	checked-numerical	implemented
nucleic	large	mlton	benchmark/tests/nucleic.sml	12	nucleic/large.expected	shared/input.sml,nucleic/benchmark.sml,shared/main.sml	3600	8388608	application,m2-core	-	checked-numerical	implemented
life	smoke	mlton	benchmark/tests/life.sml	10	life/smoke.expected	shared/input.sml,life/benchmark.sml,shared/main.sml	30	1048576	application,m2-core	-	exact	implemented
life	normal	mlton	benchmark/tests/life.sml	100	life/normal.expected	shared/input.sml,life/benchmark.sml,shared/main.sml	600	4194304	application,m2-core	-	exact	implemented
life	large	mlton	benchmark/tests/life.sml	1000	life/large.expected	shared/input.sml,life/benchmark.sml,shared/main.sml	3600	8388608	application,m2-core	-	exact	implemented
matrix-multiply	smoke	mlton	benchmark/tests/matrix-multiply.sml	4	matrix-multiply/smoke.expected	shared/input.sml,matrix-multiply/benchmark.sml,shared/main.sml	30	1048576	numerical,arrays,m2-core	-	checked-numerical	implemented
matrix-multiply	normal	mlton	benchmark/tests/matrix-multiply.sml	50	matrix-multiply/normal.expected	shared/input.sml,matrix-multiply/benchmark.sml,shared/main.sml	600	4194304	numerical,arrays,m2-core	-	checked-numerical	implemented
matrix-multiply	large	mlton	benchmark/tests/matrix-multiply.sml	500	matrix-multiply/large.expected	shared/input.sml,matrix-multiply/benchmark.sml,shared/main.sml	3600	8388608	numerical,arrays,m2-core	-	checked-numerical	implemented
md5	smoke	mlton	benchmark/tests/md5.sml	64 1	md5/smoke.expected	shared/input.sml,md5/benchmark.sml,shared/main.sml	30	1048576	integer-arithmetic,arrays,m2-core	-	exact	implemented
md5	normal	mlton	benchmark/tests/md5.sml	1000 100	md5/normal.expected	shared/input.sml,md5/benchmark.sml,shared/main.sml	600	4194304	integer-arithmetic,arrays,m2-core	-	exact	implemented
md5	large	mlton	benchmark/tests/md5.sml	10000 100000	md5/large.expected	shared/input.sml,md5/benchmark.sml,shared/main.sml	3600	8388608	integer-arithmetic,arrays,m2-core	-	exact	implemented
fft	smoke	mlton	benchmark/tests/fft.sml	256 1	fft/smoke.expected	shared/input.sml,fft/benchmark.sml,shared/main.sml	30	1048576	m2-core,allocation-lifetimes	-	checked-numerical	implemented
fft	normal	mlton	benchmark/tests/fft.sml	4096 10	fft/normal.expected	shared/input.sml,fft/benchmark.sml,shared/main.sml	600	4194304	m2-core,allocation-lifetimes	-	checked-numerical	implemented
fft	large	mlton	benchmark/tests/fft.sml	8388608 1	fft/large.expected	shared/input.sml,fft/benchmark.sml,shared/main.sml	3600	8388608	m2-core,allocation-lifetimes	-	checked-numerical	implemented
binary-trees	smoke	smlnj	programs/binary-trees	6	binary-trees/smoke.expected	shared/input.sml,binary-trees/benchmark.sml,shared/main.sml	30	1048576	m2-core,allocation-lifetimes	-	exact	implemented
binary-trees	normal	smlnj	programs/binary-trees	12	binary-trees/normal.expected	shared/input.sml,binary-trees/benchmark.sml,shared/main.sml	600	4194304	m2-core,allocation-lifetimes	-	exact	implemented
binary-trees	large	smlnj	programs/binary-trees	21	binary-trees/large.expected	shared/input.sml,binary-trees/benchmark.sml,shared/main.sml	3600	8388608	m2-core,allocation-lifetimes	-	exact	implemented
flat-array	smoke	mlton	benchmark/tests/flat-array.sml	1000 1	flat-array/smoke.expected	shared/input.sml,flat-array/benchmark.sml,shared/main.sml	30	1048576	vectors,integer-width,m2-core	-	exact	implemented
flat-array	normal	mlton	benchmark/tests/flat-array.sml	1000000 10	flat-array/normal.expected	shared/input.sml,flat-array/benchmark.sml,shared/main.sml	600	4194304	vectors,integer-width,m2-core	-	exact	implemented
flat-array	large	mlton	benchmark/tests/flat-array.sml	1000000 100	flat-array/large.expected	shared/input.sml,flat-array/benchmark.sml,shared/main.sml	3600	8388608	vectors,integer-width,m2-core	-	exact	implemented
peek	smoke	mlton	benchmark/tests/peek.sml	1000 1	peek/smoke.expected	shared/input.sml,peek/benchmark.sml,shared/main.sml	30	1048576	exceptions,requires-Int64,m2-core	-	exact	implemented
peek	normal	mlton	benchmark/tests/peek.sml	1000000 10	peek/normal.expected	shared/input.sml,peek/benchmark.sml,shared/main.sml	600	4194304	exceptions,requires-Int64,m2-core	-	exact	implemented
peek	large	mlton	benchmark/tests/peek.sml	10000000 10	peek/large.expected	shared/input.sml,peek/benchmark.sml,shared/main.sml	3600	8388608	exceptions,requires-Int64,m2-core	-	exact	implemented
psdes-random	smoke	mlton	benchmark/tests/psdes-random.sml	1000	psdes-random/smoke.expected	shared/input.sml,psdes-random/benchmark.sml,shared/main.sml	30	1048576	modular-arithmetic,m2-core	-	exact	implemented
psdes-random	normal	mlton	benchmark/tests/psdes-random.sml	1000000	psdes-random/normal.expected	shared/input.sml,psdes-random/benchmark.sml,shared/main.sml	600	4194304	modular-arithmetic,m2-core	-	exact	implemented
psdes-random	large	mlton	benchmark/tests/psdes-random.sml	150000000	psdes-random/large.expected	shared/input.sml,psdes-random/benchmark.sml,shared/main.sml	3600	8388608	modular-arithmetic,m2-core	-	exact	implemented
mandelbrot	smoke	mlton	benchmark/tests/mandelbrot.sml	32 128	mandelbrot/smoke.expected	shared/input.sml,mandelbrot/benchmark.sml,shared/main.sml	30	1048576	numerical,m2-core	-	exact	implemented
mandelbrot	normal	mlton	benchmark/tests/mandelbrot.sml	1024 2048	mandelbrot/normal.expected	shared/input.sml,mandelbrot/benchmark.sml,shared/main.sml	600	4194304	numerical,m2-core	-	exact	implemented
mandelbrot	large	mlton	benchmark/tests/mandelbrot.sml	32768 2048	mandelbrot/large.expected	shared/input.sml,mandelbrot/benchmark.sml,shared/main.sml	3600	8388608	numerical,m2-core	-	exact	implemented
pidigits	smoke	mlton	benchmark/tests/pidigits.sml	3	pidigits/smoke.expected	shared/input.sml,pidigits/benchmark.sml,shared/main.sml	30	1048576	big-integers,streams,m2-core	-	exact	implemented
pidigits	normal	mlton	benchmark/tests/pidigits.sml	30	pidigits/normal.expected	shared/input.sml,pidigits/benchmark.sml,shared/main.sml	600	4194304	big-integers,streams,m2-core	-	exact	implemented
pidigits	large	mlton	benchmark/tests/pidigits.sml	1000	pidigits/large.expected	shared/input.sml,pidigits/benchmark.sml,shared/main.sml	3600	8388608	big-integers,streams,m2-core	-	exact	implemented
logic	smoke	mlton	benchmark/tests/logic.sml	1	logic/smoke.expected	shared/input.sml,logic/benchmark.sml,shared/main.sml	30	1048576	symbolic,exceptions,search,m2-core	-	exact	implemented
logic	normal	mlton	benchmark/tests/logic.sml	10	logic/normal.expected	shared/input.sml,logic/benchmark.sml,shared/main.sml	600	4194304	symbolic,exceptions,search,m2-core	-	exact	implemented
logic	large	mlton	benchmark/tests/logic.sml	100	logic/large.expected	shared/input.sml,logic/benchmark.sml,shared/main.sml	3600	8388608	symbolic,exceptions,search,m2-core	-	exact	implemented
zebra	smoke	mlton	benchmark/tests/zebra.sml	1	zebra/smoke.expected	shared/input.sml,zebra/benchmark.sml,shared/main.sml	30	1048576	search,exceptions,m2-core	-	exact	implemented
zebra	normal	mlton	benchmark/tests/zebra.sml	100	zebra/normal.expected	shared/input.sml,zebra/benchmark.sml,shared/main.sml	600	4194304	search,exceptions,m2-core	-	exact	implemented
zebra	large	mlton	benchmark/tests/zebra.sml	1001	zebra/large.expected	shared/input.sml,zebra/benchmark.sml,shared/main.sml	3600	8388608	search,exceptions,m2-core	-	exact	implemented
count-graphs	smoke	mlton	benchmark/tests/count-graphs.sml	4	count-graphs/smoke.expected	shared/input.sml,count-graphs/benchmark.sml,shared/main.sml	30	1048576	graphs,search	-	exact	implemented
count-graphs	normal	mlton	benchmark/tests/count-graphs.sml	8	count-graphs/normal.expected	shared/input.sml,count-graphs/benchmark.sml,shared/main.sml	600	4194304	graphs,search	-	exact	implemented
count-graphs	large	mlton	benchmark/tests/count-graphs.sml	11	count-graphs/large.expected	shared/input.sml,count-graphs/benchmark.sml,shared/main.sml	3600	8388608	graphs,search	-	exact	implemented
many_refs	smoke	mlkit	test_dev/many_refs.sml	100 10	many_refs/smoke.expected	shared/input.sml,many_refs/benchmark.sml,shared/main.sml	30	1048576	retained-data,refs,gc,m2-core	-	exact	implemented
many_refs	normal	mlkit	test_dev/many_refs.sml	100 100000	many_refs/normal.expected	shared/input.sml,many_refs/benchmark.sml,shared/main.sml	600	4194304	retained-data,refs,gc,m2-core	-	exact	implemented
many_refs	large	mlkit	test_dev/many_refs.sml	10000 100000	many_refs/large.expected	shared/input.sml,many_refs/benchmark.sml,shared/main.sml	3600	8388608	retained-data,refs,gc,m2-core	-	exact	implemented
tensor	smoke	mlton	benchmark/tests/tensor.sml	4 1	tensor/smoke.expected	shared/input.sml,tensor/benchmark.sml,shared/main.sml	30	1048576	numerical,arrays,tensors	-	checked-numerical	implemented
tensor	normal	mlton	benchmark/tests/tensor.sml	100 1	tensor/normal.expected	shared/input.sml,tensor/benchmark.sml,shared/main.sml	600	4194304	numerical,arrays,tensors	-	checked-numerical	implemented
tensor	large	mlton	benchmark/tests/tensor.sml	500 1	tensor/large.expected	shared/input.sml,tensor/benchmark.sml,shared/main.sml	3600	8388608	numerical,arrays,tensors	-	checked-numerical	implemented
zern	smoke	mlton	benchmark/tests/zern.sml	8 1	zern/smoke.expected	shared/input.sml,zern/benchmark.sml,shared/main.sml	30	1048576	numerical,arrays,phase-screens	-	checked-numerical	implemented
zern	normal	mlton	benchmark/tests/zern.sml	128 1	zern/normal.expected	shared/input.sml,zern/benchmark.sml,shared/main.sml	600	4194304	numerical,arrays,phase-screens	-	checked-numerical	implemented
zern	large	mlton	benchmark/tests/zern.sml	128 100	zern/large.expected	shared/input.sml,zern/benchmark.sml,shared/main.sml	3600	8388608	numerical,arrays,phase-screens	-	checked-numerical	implemented
smith-normal-form	smoke	mlton	benchmark/tests/smith-normal-form.sml	4	smith-normal-form/smoke.expected	shared/input.sml,smith-normal-form/benchmark.sml,shared/main.sml	30	1048576	big-integers,matrices	-	exact	implemented
smith-normal-form	normal	mlton	benchmark/tests/smith-normal-form.sml	12	smith-normal-form/normal.expected	shared/input.sml,smith-normal-form/benchmark.sml,shared/main.sml	600	4194304	big-integers,matrices	-	exact	implemented
smith-normal-form	large	mlton	benchmark/tests/smith-normal-form.sml	26	smith-normal-form/large.expected	shared/input.sml,smith-normal-form/benchmark.sml,shared/main.sml	3600	8388608	big-integers,matrices	-	exact	implemented
ratio-regions	smoke	mlton	benchmark/tests/ratio-regions.sml	4	ratio-regions/smoke.expected	shared/input.sml,ratio-regions/benchmark.sml,shared/main.sml	30	1048576	graphs,arrays,search	-	exact	implemented
ratio-regions	normal	mlton	benchmark/tests/ratio-regions.sml	32	ratio-regions/normal.expected	shared/input.sml,ratio-regions/benchmark.sml,shared/main.sml	600	4194304	graphs,arrays,search	-	exact	implemented
ratio-regions	large	mlton	benchmark/tests/ratio-regions.sml	128	ratio-regions/large.expected	shared/input.sml,ratio-regions/benchmark.sml,shared/main.sml	3600	8388608	graphs,arrays,search	-	exact	implemented
mpuz	smoke	mlton	benchmark/tests/mpuz.sml	1	mpuz/smoke.expected	shared/input.sml,shared/output.sml,mpuz/benchmark.sml,shared/main.sml	30	1048576	search,integer-arithmetic	-	exact	implemented
mpuz	normal	mlton	benchmark/tests/mpuz.sml	10	mpuz/normal.expected	shared/input.sml,shared/output.sml,mpuz/benchmark.sml,shared/main.sml	600	4194304	search,integer-arithmetic	-	exact	implemented
DLXSimulator	smoke	mlton	benchmark/tests/DLXSimulator.sml	1	DLXSimulator/smoke.expected	shared/input.sml,DLXSimulator/benchmark.sml,shared/main.sml	120	1048576	interpreter,words,arrays	-	exact	implemented
DLXSimulator	normal	mlton	benchmark/tests/DLXSimulator.sml	2	DLXSimulator/normal.expected	shared/input.sml,DLXSimulator/benchmark.sml,shared/main.sml	600	4194304	interpreter,words,arrays	-	exact	implemented
knuth-bendix	smoke	mlton	benchmark/tests/knuth-bendix.sml	1	knuth-bendix/smoke.expected	shared/input.sml,shared/output.sml,knuth-bendix/benchmark.sml,shared/main.sml	30	1048576	symbolic,rewriting,search	-	exact	implemented
knuth-bendix	normal	mlton	benchmark/tests/knuth-bendix.sml	10	knuth-bendix/normal.expected	shared/input.sml,shared/output.sml,knuth-bendix/benchmark.sml,shared/main.sml	600	4194304	symbolic,rewriting,search	-	exact	implemented
tyan	smoke	mlton	benchmark/tests/tyan.sml	1	tyan/smoke.expected	shared/input.sml,shared/output.sml,tyan/benchmark.sml,shared/main.sml	30	1048576	symbolic,polynomials,modular-arithmetic	-	exact	implemented
tyan	normal	mlton	benchmark/tests/tyan.sml	2	tyan/normal.expected	shared/input.sml,shared/output.sml,tyan/benchmark.sml,shared/main.sml	600	4194304	symbolic,polynomials,modular-arithmetic	-	exact	implemented
lexgen	smoke	mlton	benchmark/tests/lexgen.sml	1	lexgen/smoke.expected	shared/input.sml,shared/files.sml,lexgen/benchmark.sml,shared/main.sml	300	2097152	compiler-application,files	DATA/ml.lex,expected/ml.lex.sml	exact	implemented
lexgen	normal	mlton	benchmark/tests/lexgen.sml	3	lexgen/normal.expected	shared/input.sml,shared/files.sml,lexgen/benchmark.sml,shared/main.sml	600	4194304	compiler-application,files	DATA/ml.lex,expected/ml.lex.sml	exact	implemented
mlyacc	smoke	mlton	benchmark/tests/mlyacc.sml	1	mlyacc/smoke.expected	shared/input.sml,shared/files.sml,mlyacc/benchmark.sml,shared/main.sml	300	2097152	compiler-application,files	DATA/ml.grm,expected/ml.grm.sml,expected/ml.grm.sig	exact	implemented
mlyacc	normal	mlton	benchmark/tests/mlyacc.sml	3	mlyacc/normal.expected	shared/input.sml,shared/files.sml,mlyacc/benchmark.sml,shared/main.sml	600	4194304	compiler-application,files	DATA/ml.grm,expected/ml.grm.sml,expected/ml.grm.sig	exact	implemented
hamlet	smoke	mlton	benchmark/tests/hamlet.sml	DATA/smoke.sml 1	hamlet/smoke.expected	shared/input.sml,hamlet/benchmark.sml,shared/main.sml	300	2097152	compiler-application,interpreter	DATA/smoke.sml	exact	implemented
hamlet	normal	mlton	benchmark/tests/hamlet.sml	DATA/normal.sml 1	hamlet/normal.expected	shared/input.sml,hamlet/benchmark.sml,shared/main.sml	600	4194304	compiler-application,interpreter	DATA/normal.sml	exact	implemented
hamlet	large	mlton	benchmark/tests/hamlet.sml	DATA/large.sml 1	hamlet/large.expected	shared/input.sml,hamlet/benchmark.sml,shared/main.sml	3600	8388608	compiler-application,interpreter	DATA/large.sml	exact	implemented
kitfib35	smoke	mlkit	test/kitfib35.sml	20 1	kitfib35/smoke.expected	shared/input.sml,kitfib35/benchmark.sml,shared/main.sml	30	1048576	calls-recursion	-	exact	implemented
kitfib35	normal	mlkit	test/kitfib35.sml	35 1	kitfib35/normal.expected	shared/input.sml,kitfib35/benchmark.sml,shared/main.sml	600	4194304	calls-recursion	-	exact	implemented
kitfib35	large	mlkit	test/kitfib35.sml	40 1	kitfib35/large.expected	shared/input.sml,kitfib35/benchmark.sml,shared/main.sml	3600	8388608	calls-recursion	-	exact	implemented
fib0	smoke	mlkit	test_dev/fib0.sml	20 1	fib0/smoke.expected	shared/input.sml,fib0/benchmark.sml,shared/main.sml	30	1048576	calls-recursion	-	exact	implemented
fib0	normal	mlkit	test_dev/fib0.sml	30 1	fib0/normal.expected	shared/input.sml,fib0/benchmark.sml,shared/main.sml	600	4194304	calls-recursion	-	exact	implemented
fib0	large	mlkit	test_dev/fib0.sml	40 1	fib0/large.expected	shared/input.sml,fib0/benchmark.sml,shared/main.sml	3600	8388608	calls-recursion	-	exact	implemented
kitreynolds2	smoke	mlkit	test/kitreynolds2.sml	6 1	kitreynolds2/smoke.expected	shared/input.sml,kitreynolds2/benchmark.sml,shared/main.sml	30	1048576	higher-order,shared-data,search	-	exact	implemented
kitreynolds2	normal	mlkit	test/kitreynolds2.sml	20 1	kitreynolds2/normal.expected	shared/input.sml,kitreynolds2/benchmark.sml,shared/main.sml	600	4194304	higher-order,shared-data,search	-	exact	implemented
kitreynolds2	large	mlkit	test/kitreynolds2.sml	22 1	kitreynolds2/large.expected	shared/input.sml,kitreynolds2/benchmark.sml,shared/main.sml	3600	8388608	higher-order,shared-data,search	-	exact	implemented
kitreynolds3	smoke	mlkit	test/kitreynolds3.sml	6 1	kitreynolds3/smoke.expected	shared/input.sml,kitreynolds3/benchmark.sml,shared/main.sml	30	1048576	higher-order,shared-data,search	-	exact	implemented
kitreynolds3	normal	mlkit	test/kitreynolds3.sml	20 1	kitreynolds3/normal.expected	shared/input.sml,kitreynolds3/benchmark.sml,shared/main.sml	600	4194304	higher-order,shared-data,search	-	exact	implemented
kitreynolds3	large	mlkit	test/kitreynolds3.sml	22 1	kitreynolds3/large.expected	shared/input.sml,kitreynolds3/benchmark.sml,shared/main.sml	3600	8388608	higher-order,shared-data,search	-	exact	implemented
kitloop2	smoke	mlkit	test/kitloop2.sml	50	kitloop2/smoke.expected	shared/input.sml,kitloop2/benchmark.sml,shared/main.sml	30	1048576	tail-calls,tuples	-	exact	implemented
kitloop2	normal	mlkit	test/kitloop2.sml	375	kitloop2/normal.expected	shared/input.sml,kitloop2/benchmark.sml,shared/main.sml	600	4194304	tail-calls,tuples	-	exact	implemented
kitloop2	large	mlkit	test/kitloop2.sml	2000	kitloop2/large.expected	shared/input.sml,kitloop2/benchmark.sml,shared/main.sml	3600	8388608	tail-calls,tuples	-	exact	implemented
kitdangle	smoke	mlkit	test/kitdangle.sml	10 10	kitdangle/smoke.expected	shared/input.sml,kitdangle/benchmark.sml,shared/main.sml	30	1048576	closures,allocation,lifetimes	-	exact	implemented
kitdangle	normal	mlkit	test/kitdangle.sml	1000 2000	kitdangle/normal.expected	shared/input.sml,kitdangle/benchmark.sml,shared/main.sml	600	4194304	closures,allocation,lifetimes	-	exact	implemented
kitdangle	large	mlkit	test/kitdangle.sml	2000 2000	kitdangle/large.expected	shared/input.sml,kitdangle/benchmark.sml,shared/main.sml	3600	8388608	closures,allocation,lifetimes	-	exact	implemented
kitdangle3	smoke	mlkit	test/kitdangle3.sml	10 10	kitdangle3/smoke.expected	shared/input.sml,kitdangle3/benchmark.sml,shared/main.sml	30	1048576	closures,allocation,lifetimes	-	exact	implemented
kitdangle3	normal	mlkit	test/kitdangle3.sml	1000 2000	kitdangle3/normal.expected	shared/input.sml,kitdangle3/benchmark.sml,shared/main.sml	600	4194304	closures,allocation,lifetimes	-	exact	implemented
kitdangle3	large	mlkit	test/kitdangle3.sml	2000 2000	kitdangle3/large.expected	shared/input.sml,kitdangle3/benchmark.sml,shared/main.sml	3600	8388608	closures,allocation,lifetimes	-	exact	implemented
msort	smoke	mlkit	test/msort.mlb	100	msort/smoke.expected	shared/input.sml,msort/benchmark.sml,shared/main.sml	30	1048576	sorting,lists,allocation	-	exact	implemented
msort	normal	mlkit	test/msort.mlb	50000	msort/normal.expected	shared/input.sml,msort/benchmark.sml,shared/main.sml	600	4194304	sorting,lists,allocation	-	exact	implemented
msort	large	mlkit	test/msort.mlb	100000	msort/large.expected	shared/input.sml,msort/benchmark.sml,shared/main.sml	3600	8388608	sorting,lists,allocation	-	exact	implemented
kittmergesort_tp	smoke	mlkit	test/kittmergesort_tp.sml	100 1	kittmergesort_tp/smoke.expected	shared/input.sml,shared/kittmergesort.sml,kittmergesort_tp/benchmark.sml,shared/main.sml	30	1048576	sorting,lists,allocation	-	exact	implemented
kittmergesort_tp	normal	mlkit	test/kittmergesort_tp.sml	100000 10	kittmergesort_tp/normal.expected	shared/input.sml,shared/kittmergesort.sml,kittmergesort_tp/benchmark.sml,shared/main.sml	600	4194304	sorting,lists,allocation	-	exact	implemented
kittmergesort_tp	large	mlkit	test/kittmergesort_tp.sml	1000000 10	kittmergesort_tp/large.expected	shared/input.sml,shared/kittmergesort.sml,kittmergesort_tp/benchmark.sml,shared/main.sml	3600	8388608	sorting,lists,allocation	-	exact	implemented
barnes-hut	smoke	mlton	benchmark/tests/barnes-hut.sml	16 0.05 expected/smoke.tsv	barnes-hut/smoke.expected	shared/input.sml,barnes-hut/benchmark.sml,shared/main.sml	30	1048576	numerical,spatial,mutable-data	expected/smoke.tsv	checked-numerical	implemented
barnes-hut	normal	mlton	benchmark/tests/barnes-hut.sml	256 2.0 expected/normal.tsv	barnes-hut/normal.expected	shared/input.sml,barnes-hut/benchmark.sml,shared/main.sml	600	4194304	numerical,spatial,mutable-data	expected/normal.tsv	checked-numerical	implemented
barnes-hut	large	mlton	benchmark/tests/barnes-hut.sml	8192 2.0 expected/large.tsv	barnes-hut/large.expected	shared/input.sml,barnes-hut/benchmark.sml,shared/main.sml	3600	8388608	numerical,spatial,mutable-data	expected/large.tsv	checked-numerical	implemented
tsp	smoke	mlton	benchmark/tests/tsp.sml	31 10 5.0285603627720601	tsp/smoke.expected	shared/input.sml,tsp/benchmark.sml,shared/main.sml	30	1048576	numerical,spatial,mutable-data	-	checked-numerical	implemented
tsp	normal	mlton	benchmark/tests/tsp.sml	1023 150 34.594758416849281	tsp/normal.expected	shared/input.sml,tsp/benchmark.sml,shared/main.sml	600	4194304	numerical,spatial,mutable-data	-	checked-numerical	implemented
tsp	large	mlton	benchmark/tests/tsp.sml	32767 150 190.67246516366754	tsp/large.expected	shared/input.sml,tsp/benchmark.sml,shared/main.sml	3600	8388608	numerical,spatial,mutable-data	-	checked-numerical	implemented
fannkuch	smoke	smlnj	programs/fannkuch	5 1	fannkuch/smoke.expected	shared/input.sml,fannkuch/benchmark.sml,shared/main.sml	30	1048576	permutations,mutable-arrays	-	exact	implemented
fannkuch	normal	smlnj	programs/fannkuch	7 1	fannkuch/normal.expected	shared/input.sml,fannkuch/benchmark.sml,shared/main.sml	600	4194304	permutations,mutable-arrays	-	exact	implemented
fannkuch	large	smlnj	programs/fannkuch	11 3	fannkuch/large.expected	shared/input.sml,fannkuch/benchmark.sml,shared/main.sml	3600	8388608	permutations,mutable-arrays	-	exact	implemented
f-arith	smoke	smlnj	programs/f-arith	1000	f-arith/smoke.expected	shared/input.sml,f-arith/benchmark.sml,shared/main.sml	30	1048576	numerical,float-arithmetic	-	checked-numerical	implemented
f-arith	normal	smlnj	programs/f-arith	1000000	f-arith/normal.expected	shared/input.sml,f-arith/benchmark.sml,shared/main.sml	600	4194304	numerical,float-arithmetic	-	checked-numerical	implemented
f-arith	large	smlnj	programs/f-arith	5000000000	f-arith/large.expected	shared/input.sml,f-arith/benchmark.sml,shared/main.sml	3600	8388608	numerical,float-arithmetic,requires-int-precision-34	-	checked-numerical	implemented
stream-sieve	smoke	smlnj	programs/stream-sieve	10	stream-sieve/smoke.expected	shared/input.sml,stream-sieve/benchmark.sml,shared/main.sml	30	1048576	streams,higher-order,nonmemoized	-	exact	implemented
stream-sieve	normal	smlnj	programs/stream-sieve	1000	stream-sieve/normal.expected	shared/input.sml,stream-sieve/benchmark.sml,shared/main.sml	600	4194304	streams,higher-order,nonmemoized	-	exact	implemented
stream-sieve	large	smlnj	programs/stream-sieve	20000	stream-sieve/large.expected	shared/input.sml,stream-sieve/benchmark.sml,shared/main.sml	3600	8388608	streams,higher-order,nonmemoized	-	exact	implemented
twenty-four	smoke	smlnj	programs/twenty-four	sample 8 1	twenty-four/smoke.expected	shared/input.sml,twenty-four/benchmark.sml,shared/main.sml	30	1048576	symbolic,search,continuations	-	exact	implemented
simple	smoke	mlton	benchmark/tests/simple.sml	8 1 expected/smoke.txt	simple/smoke.expected	shared/input.sml,simple/benchmark.sml,shared/main.sml	30	1048576	numerical,arrays,simulation	expected/smoke.txt	checked-numerical	implemented
simple	normal	mlton	benchmark/tests/simple.sml	100 1 expected/normal.txt	simple/normal.expected	shared/input.sml,simple/benchmark.sml,shared/main.sml	600	4194304	numerical,arrays,simulation	expected/normal.txt	checked-numerical	implemented
simple	large	mlton	benchmark/tests/simple.sml	128 1 expected/large.txt	simple/large.expected	shared/input.sml,simple/benchmark.sml,shared/main.sml	3600	8388608	numerical,arrays,simulation	expected/large.txt	checked-numerical	implemented
twenty-four	normal	smlnj	programs/twenty-four	deck 10 1	twenty-four/normal.expected	shared/input.sml,twenty-four/benchmark.sml,shared/main.sml	600	4194304	symbolic,search,continuations	-	exact	implemented
twenty-four	large	smlnj	programs/twenty-four	deck 10 250	twenty-four/large.expected	shared/input.sml,twenty-four/benchmark.sml,shared/main.sml	3600	8388608	symbolic,search,continuations	-	exact	implemented
nbody	smoke	smlnj	programs/nbody	100 ~0.1690507623824094	nbody/smoke.expected	shared/input.sml,nbody/benchmark.sml,shared/main.sml	30	1048576	numerical,immutable-data,nbody	-	checked-numerical	implemented
nbody	normal	smlnj	programs/nbody	1000000 ~0.16908618459855648	nbody/normal.expected	shared/input.sml,nbody/benchmark.sml,shared/main.sml	600	4194304	numerical,immutable-data,nbody	-	checked-numerical	implemented
nbody	large	smlnj	programs/nbody	50000000 ~0.16905990681396785	nbody/large.expected	shared/input.sml,nbody/benchmark.sml,shared/main.sml	3600	8388608	numerical,immutable-data,nbody	-	checked-numerical	implemented
output1	smoke	mlton	benchmark/tests/output1.sml	1024	output1/smoke.expected	shared/input.sml,output1/benchmark.sml,shared/main.sml	30	1048576	io,file-output	-	exact	implemented
output1	normal	mlton	benchmark/tests/output1.sml	1000000	output1/normal.expected	shared/input.sml,output1/benchmark.sml,shared/main.sml	600	4194304	io,file-output	-	exact	implemented
output1	large	mlton	benchmark/tests/output1.sml	1000000000	output1/large.expected	shared/input.sml,output1/benchmark.sml,shared/main.sml	3600	8388608	io,file-output	-	exact	implemented
ray	smoke	mlton	benchmark/tests/ray.sml	16 DATA/ray expected/smoke.dump	ray/smoke.expected	shared/input.sml,shared/files.sml,ray/benchmark.sml,shared/main.sml	30	1048576	numerical,rendering,files	DATA/ray,expected/smoke.dump	checked-numerical	implemented
ray	normal	mlton	benchmark/tests/ray.sml	512 DATA/ray expected/normal.dump	ray/normal.expected	shared/input.sml,shared/files.sml,ray/benchmark.sml,shared/main.sml	600	4194304	numerical,rendering,files	DATA/ray,expected/normal.dump	checked-numerical	implemented
ray	large	mlton	benchmark/tests/ray.sml	1024 DATA/ray expected/large.dump	ray/large.expected	shared/input.sml,shared/files.sml,ray/benchmark.sml,shared/main.sml	3600	8388608	numerical,rendering,files	DATA/ray,expected/large.dump	checked-numerical	implemented
raytrace	smoke	mlton	benchmark/tests/raytrace.sml	DATA/smoke.gml expected/smoke.ppm expected/smoke-smlnj.ppm expected/smoke-smlnj-suite.ppm	raytrace/smoke.expected	shared/input.sml,shared/files.sml,raytrace/check.sml,raytrace/benchmark.sml,shared/main.sml	120	1048576	numerical,rendering,interpreter,files	DATA/smoke.gml,expected/smoke.ppm,expected/smoke-smlnj.ppm,expected/smoke-smlnj-suite.ppm	checked-numerical	implemented
raytrace	normal	mlton	benchmark/tests/raytrace.sml	DATA/normal.gml expected/normal.ppm expected/normal-smlnj.ppm expected/normal-smlnj-suite.ppm	raytrace/normal.expected	shared/input.sml,shared/files.sml,raytrace/check.sml,raytrace/benchmark.sml,shared/main.sml	600	4194304	numerical,rendering,interpreter,files	DATA/normal.gml,expected/normal.ppm,expected/normal-smlnj.ppm,expected/normal-smlnj-suite.ppm	checked-numerical	implemented
raytrace	large	mlton	benchmark/tests/raytrace.sml	DATA/large.gml expected/large.ppm expected/large-smlnj.ppm expected/large-smlnj-suite.ppm	raytrace/large.expected	shared/input.sml,shared/files.sml,raytrace/check.sml,raytrace/benchmark.sml,shared/main.sml	3600	8388608	numerical,rendering,interpreter,files	DATA/large.gml,expected/large.ppm,expected/large-smlnj.ppm,expected/large-smlnj-suite.ppm	checked-numerical	implemented
vliw	smoke	mlton	benchmark/tests/vliw.sml	3 1 expected/smoke.tmp.s expected/smoke.cmp.s	vliw/smoke.expected	shared/input.sml,shared/files.sml,vliw/benchmark.sml,shared/main.sml	120	1048576	compiler-application,graphs,files	DATA/ndotprod.s,expected/smoke.tmp.s,expected/smoke.cmp.s	exact	implemented
vliw	normal	mlton	benchmark/tests/vliw.sml	9 1 expected/normal.tmp.s expected/normal.cmp.s	vliw/normal.expected	shared/input.sml,shared/files.sml,vliw/benchmark.sml,shared/main.sml	600	4194304	compiler-application,graphs,files	DATA/ndotprod.s,expected/normal.tmp.s,expected/normal.cmp.s	exact	implemented
vliw	large	mlton	benchmark/tests/vliw.sml	9 10 expected/large.tmp.s expected/large.cmp.s	vliw/large.expected	shared/input.sml,shared/files.sml,vliw/benchmark.sml,shared/main.sml	3600	8388608	compiler-application,graphs,files	DATA/ndotprod.s,expected/large.tmp.s,expected/large.cmp.s	exact	implemented
fxp	smoke	mlton	benchmark/tests/fxp.sml	8192	fxp/smoke.expected	shared/input.sml,fxp/compat.sml,fxp/input.sml,fxp/benchmark.sml,shared/main.sml	300	2097152	parser-application,unicode,generated-input	-	exact	implemented
fxp	normal	mlton	benchmark/tests/fxp.sml	1200000	fxp/normal.expected	shared/input.sml,fxp/compat.sml,fxp/input.sml,fxp/benchmark.sml,shared/main.sml	600	4194304	parser-application,unicode,generated-input	-	exact	implemented
fxp	large	mlton	benchmark/tests/fxp.sml	4800000	fxp/large.expected	shared/input.sml,fxp/compat.sml,fxp/input.sml,fxp/benchmark.sml,shared/main.sml	3600	8388608	parser-application,unicode,generated-input	-	exact	implemented
model-elimination	smoke	mlton	benchmark/tests/model-elimination.sml	1 1000	model-elimination/smoke.expected	shared/input.sml,shared/output.sml,model-elimination/timer.sml,model-elimination/benchmark.sml,shared/main.sml	120	1048576	symbolic,proof-search,work-limit	-	exact	implemented
model-elimination	normal	mlton	benchmark/tests/model-elimination.sml	14 50000	model-elimination/normal.expected	shared/input.sml,shared/output.sml,model-elimination/timer.sml,model-elimination/benchmark.sml,shared/main.sml	600	4194304	symbolic,proof-search,work-limit	-	exact	implemented
model-elimination	large	mlton	benchmark/tests/model-elimination.sml	14 200000	model-elimination/large.expected	shared/input.sml,shared/output.sml,model-elimination/timer.sml,model-elimination/benchmark.sml,shared/main.sml	3600	8388608	symbolic,proof-search,work-limit	-	exact	implemented
sat	smoke	smlnj	programs/sat	1	sat/smoke.expected	shared/input.sml,sat/benchmark.sml,shared/main.sml	30	1048576	symbolic,search,higher-order	-	exact	implemented
sat	normal	smlnj	programs/sat	10000	sat/normal.expected	shared/input.sml,sat/benchmark.sml,shared/main.sml	600	4194304	symbolic,search,higher-order	-	exact	implemented
sat	large	smlnj	programs/sat	1000000	sat/large.expected	shared/input.sml,sat/benchmark.sml,shared/main.sml	3600	8388608	symbolic,search,higher-order	-	exact	implemented
boyer-smlnj	smoke	smlnj	programs/boyer	1	boyer-smlnj/smoke.expected	shared/input.sml,boyer-smlnj/benchmark.sml,shared/main.sml	30	1048576	symbolic,search	-	exact	implemented
boyer-smlnj	normal	smlnj	programs/boyer	100	boyer-smlnj/normal.expected	shared/input.sml,boyer-smlnj/benchmark.sml,shared/main.sml	600	4194304	symbolic,search	-	exact	implemented
boyer-smlnj	large	smlnj	programs/boyer	1300	boyer-smlnj/large.expected	shared/input.sml,boyer-smlnj/benchmark.sml,shared/main.sml	3600	8388608	symbolic,search	-	exact	implemented
logic-smlnj	smoke	smlnj	programs/logic	1	logic-smlnj/smoke.expected	shared/input.sml,logic-smlnj/benchmark.sml,shared/main.sml	30	1048576	symbolic,search	-	exact	implemented
logic-smlnj	normal	smlnj	programs/logic	60	logic-smlnj/normal.expected	shared/input.sml,logic-smlnj/benchmark.sml,shared/main.sml	600	4194304	symbolic,search	-	exact	implemented
logic-smlnj	large	smlnj	programs/logic	600	logic-smlnj/large.expected	shared/input.sml,logic-smlnj/benchmark.sml,shared/main.sml	3600	8388608	symbolic,search	-	exact	implemented
life-smlnj	smoke	smlnj	programs/life	10 1	life-smlnj/smoke.expected	shared/input.sml,life-smlnj/benchmark.sml,shared/main.sml	30	1048576	symbolic,search	-	exact	implemented
life-smlnj	normal	smlnj	programs/life	50 100	life-smlnj/normal.expected	shared/input.sml,life-smlnj/benchmark.sml,shared/main.sml	600	4194304	symbolic,search	-	exact	implemented
life-smlnj	large	smlnj	programs/life	50 1000	life-smlnj/large.expected	shared/input.sml,life-smlnj/benchmark.sml,shared/main.sml	3600	8388608	symbolic,search	-	exact	implemented
