benchmark	profile	config	level	phase	process	round	status	seconds	user_seconds	system_seconds	max_rss_kib	instructions	bytes	objects	artifact
primes-lazy	smoke	rune	O2	compile	0	0	pass	1.02	0.98	0.06	135080	-	-	-	primes-lazy/rune/build/compile
primes-lazy	smoke	rune	O2	correctness	0	0	pass	0.00	0.00	0.00	2420	15010	35232	976	primes-lazy/rune/correctness.0
primes-lazy	smoke	rune	O2	count	1	1	pass	0.00	0.00	0.00	2544	15010	35232	976	primes-lazy/rune/fresh.1
primes-lazy	smoke	rune:opt	O2	compile	0	0	pass	1.01	0.94	0.09	135080	-	-	-	primes-lazy/rune-opt/build/compile
primes-lazy	smoke	rune:opt	O2	native-compile	0	0	pass	0.31	0.11	0.05	12032	-	-	-	primes-lazy/rune-opt/build/native-compile
primes-lazy	smoke	rune:opt	O2	correctness	0	0	pass	0.00	0.00	0.00	2704	15010	35232	976	primes-lazy/rune-opt/correctness.0
primes-lazy	smoke	rune:opt	O2	count	1	1	pass	0.00	0.00	0.00	2704	15010	35232	976	primes-lazy/rune-opt/fresh.1
primes-lazy	smoke	rune:new	O2	compile	0	0	pass	1.18	1.08	0.13	135004	-	-	-	primes-lazy/rune-new/build/compile
primes-lazy	smoke	rune:new	O2	correctness	0	0	pass	0.00	0.00	0.00	2648	9064	35232	976	primes-lazy/rune-new/correctness.0
primes-lazy	smoke	rune:new	O2	count	1	1	pass	0.00	0.00	0.00	2644	9064	35232	976	primes-lazy/rune-new/fresh.1
primes-lazy	smoke	rune:jit	O2	compile	0	0	pass	1.10	1.00	0.12	134968	-	-	-	primes-lazy/rune-jit/build/compile
primes-lazy	smoke	rune:jit	O2	correctness	0	0	pass	0.01	0.00	0.00	3332	9064	35232	976	primes-lazy/rune-jit/correctness.0
primes-lazy	smoke	rune:jit	O2	count	1	1	pass	0.01	0.00	0.01	3432	9064	35232	976	primes-lazy/rune-jit/fresh.1
primes-strict	smoke	rune	O2	compile	0	0	pass	1.03	0.94	0.12	135140	-	-	-	primes-strict/rune/build/compile
primes-strict	smoke	rune	O2	correctness	0	0	pass	0.00	0.00	0.00	2292	19903	33440	862	primes-strict/rune/correctness.0
primes-strict	smoke	rune	O2	count	1	1	pass	0.00	0.00	0.00	2412	19903	33440	862	primes-strict/rune/fresh.1
primes-strict	smoke	rune:opt	O2	compile	0	0	pass	1.08	0.98	0.12	135008	-	-	-	primes-strict/rune-opt/build/compile
primes-strict	smoke	rune:opt	O2	native-compile	0	0	pass	0.29	0.09	0.05	12132	-	-	-	primes-strict/rune-opt/build/native-compile
primes-strict	smoke	rune:opt	O2	correctness	0	0	pass	0.00	0.00	0.00	2800	19903	33440	862	primes-strict/rune-opt/correctness.0
primes-strict	smoke	rune:opt	O2	count	1	1	pass	0.00	0.00	0.00	2696	19903	33440	862	primes-strict/rune-opt/fresh.1
primes-strict	smoke	rune:new	O2	compile	0	0	pass	0.99	0.95	0.06	135020	-	-	-	primes-strict/rune-new/build/compile
primes-strict	smoke	rune:new	O2	correctness	0	0	pass	0.00	0.00	0.00	2648	12008	33440	862	primes-strict/rune-new/correctness.0
primes-strict	smoke	rune:new	O2	count	1	1	pass	0.00	0.00	0.00	2500	12008	33440	862	primes-strict/rune-new/fresh.1
primes-strict	smoke	rune:jit	O2	compile	0	0	pass	0.97	0.95	0.04	135008	-	-	-	primes-strict/rune-jit/build/compile
primes-strict	smoke	rune:jit	O2	correctness	0	0	pass	0.01	0.00	0.00	3372	12008	33440	862	primes-strict/rune-jit/correctness.0
primes-strict	smoke	rune:jit	O2	count	1	1	pass	0.01	0.00	0.00	3352	12008	33440	862	primes-strict/rune-jit/fresh.1
	smoke	rune:jit	O2	count-check	0	0	pass	0	0	0	0	-	-	-	count-check
