id	kind	suite	signature	member	structure	pins	pinned	source	text
Word.word/64-bits	Implementation		WORD	word		Word.word/64-bits	no	lib/basis/word_sig.sml	Word.word/64-bits. Word.word is the top-level word, of 64 bits, and so are LargeWord, SysWord and Word64; Word8, Word16 and Word32 are kept in a word of the machine whose upper bits are zero.
WORD/fmt-Ow	Erratum		WORD	fmt		WORD/fmt-Ow	no	lib/basis/word_sig.sml	WORD/fmt-Ow. The specification writes the hexadecimal prefix of the samples as Ow with the letter O; it is 0w with the digit zero.
Word.scan/DEC-bare-prefix-0w	Reading		WORD	scan		Word.scan/DEC-bare-prefix-0w	yes	lib/basis/word_sig.sml	Word.scan/DEC-bare-prefix-0w. A prefix that no digit follows is not a prefix, but its leading 0 is a digit: "0wxg" scans as 0 and leaves "wxg".
Int.int/64-bits	Implementation		INTEGER	int		Int.int/64-bits	no	lib/basis/int_sig.sml	Int.int/64-bits. Int.int is the top-level int, of 64 bits, and so are Int64, FixedInt and Position; Int8, Int16 and Int32 keep a value of their own width, and LargeInt is IntInf, which has no width. Constants of each are checked against its range where they are written.
Int.mod/minInt-by-minus-one	Reading		INTEGER	mod		Int.mod/minInt-by-minus-one	yes	lib/basis/int_sig.sml	Int.mod/minInt-by-minus-one. mod never raises Overflow, although div does at the same arguments: minInt mod ~1 is 0.
Int.rem/minInt-by-minus-one	Reading		INTEGER	rem		Int.rem/minInt-by-minus-one	yes	lib/basis/int_sig.sml	Int.rem/minInt-by-minus-one. As mod, it never raises Overflow: rem (minInt, ~1) is 0.
Int.sameSign/zero-pos	Reading		INTEGER	sameSign		Int.sameSign/zero-pos	yes	lib/basis/int_sig.sml	Int.sameSign/zero-pos. It is "equivalent to sign i = sign j", so zero has the same sign as zero only, and not as a positive number.
Int.scan/HEX-bare-prefix-0x	Reading		INTEGER	scan		Int.scan/HEX-bare-prefix-0x	yes	lib/basis/int_sig.sml	Int.scan/HEX-bare-prefix-0x. A 0x that no digit follows is not a prefix, but its 0 is a digit: "0xg" scans as 0 and leaves "xg" in the stream.
BOOL/bool-spec	Erratum		BOOL	bool		BOOL/bool-spec	no	lib/basis/sig_bool.sml	BOOL/bool-spec. The specification writes datatype bool = false | true. The Definition (Section 2.9) does not allow true and false to be specified, so the signature replicates the top-level datatype instead; the meaning is the same.
Bool.scan/wsx-*	Reading		BOOL	scan		Bool.scan/wsx-*	yes	lib/basis/sig_bool.sml	Bool.scan/wsx-*. "Initial whitespace" is what Char.isSpace accepts, as for StringCvt.skipWS: the space, and the characters \t, \n, \v, \f and \r.
Bool.fromString/none-not-whitespace-*	Reading		BOOL	fromString		Bool.fromString/none-not-whitespace-*	yes	lib/basis/sig_bool.sml	Bool.fromString/none-not-whitespace-*. The characters whose codes are next to those of the white space characters (0, 8, 14, 31, 33, 95 and 127) are not white space: a string that begins with one of them gives NONE.
Byte/free	Implementation		BYTE			Byte/free	no	lib/basis/sig_byte.sml	Byte/free. A Word8Vector.vector is a string in this library, so bytesToString and stringToBytes copy nothing.
Byte.byteToChar/high-bytes-are-not-negative	Reading		BYTE	byteToChar		Byte.byteToChar/high-bytes-are-not-negative	yes	lib/basis/sig_byte.sml	Byte.byteToChar/high-bytes-are-not-negative. A byte is an unsigned number: 200 is the character with code 200, and not the one that a signed byte of ~56 would name.
Byte.unpackString/sees-the-current-contents	Reading		BYTE	unpackString		Byte.unpackString/sees-the-current-contents	yes	lib/basis/sig_byte.sml	Byte.unpackString/sees-the-current-contents. An array can change: the bytes are read when unpackString is called, so the string holds what the slice had at that moment and is not touched by a later update.
CHAR/string-types	Erratum		CHAR			CHAR/string-types	no	lib/basis/sig_char.sml	CHAR/string-types. The specification writes the types of toString, scan, fromString, toCString and fromCString with String.string and Char.char rather than with the string and char of the signature, because the text is always one of 8-bit characters, also for WideChar. They are kept as written; that Char.char is char and Char.string is String.string is a constraint on the structure Char.
CHAR/fromString-sample	Erratum		CHAR			Char.fromString/sample-*	yes	lib/basis/sig_char.sml	CHAR/fromString-sample. The third example of the page's table for fromString is not the text of an SML string; the page of STRING has the table as it was meant.
Char.char/eight-bits	Implementation		CHAR	char		Char.char/eight-bits	no	lib/basis/sig_char.sml	Char.char/eight-bits. Char.char is the top-level char, a character of 8 bits: its codes run from 0 to 255.
Char.maxOrd/value	Implementation		CHAR	maxOrd		WideChar:CHAR/maxOrd-is-Unicode	yes	lib/basis/sig_char.sml	Char.maxOrd/value. 255 for Char, and 1114111, the last code point of Unicode, for WideChar.
Char.compare/127-128	Reading		CHAR	compare		Char.compare/127-128 Char.compare/255-0 Char.compare/all-pairs	yes	lib/basis/sig_char.sml	Char.compare/127-128. The codes are not negative, so 127 comes before 128 and 255 after 0: a character is not a signed byte.
Char.isAlpha/latin1	Reading		CHAR	isAscii		Char.is*/latin1 Char.toLower/all Char.toUpper/a-grave	yes	lib/basis/sig_char.sml	Char.isAlpha/latin1. The classes below are the sets that the specification's discussion lists, whatever the locale: no character above 127 is in any of them, and toLower and toUpper change the 52 letters of ASCII only.
Char.scan/formatting	Reading		CHAR	scan		Char.scan/formatting	no	lib/basis/sig_char.sml	Char.scan/formatting. A formatting sequence, a backslash, white space and another backslash, stands for nothing. Such sequences are passed over before the character, and after it as well, so that what is left of the stream never begins with one.
Char.fromString/printable-only-all-rejected	Reading		CHAR	fromString		Char.fromString/printable-only-*	yes	lib/basis/sig_char.sml	Char.fromString/printable-only-all-rejected. A first character outside the printable range, codes 32 to 126, gives NONE, and so does a backslash by itself; every other printable character is converted to itself.
Char.fromString/unescaped-double-quote	Reading	differs	CHAR	fromString		Char.fromString/unescaped-double-quote	yes	lib/basis/sig_char.sml	Char.fromString/unescaped-double-quote. The specification says that the text is read "as allowed in an SML program" and names only characters that do not print and bad escapes as what stops a scan. Rune therefore converts a double quote that has no backslash to itself, as Poly/ML does; MLton and SML/NJ answer NONE, and that is what the suite expects.
Char.fromCString/hex-huge-does-not-fit	Reading		CHAR	fromCString		Char.fromCString/hex-huge-does-not-fit	yes	lib/basis/sig_char.sml	Char.fromCString/hex-huge-does-not-fit. A \x escape whose value is no character gives NONE however many digits it has: Overflow is not raised.
Char.fromCString/printable-only-all-converted	Reading		CHAR	fromCString		Char.fromCString/printable-only-*	yes	lib/basis/sig_char.sml	Char.fromCString/printable-only-all-converted. Every printable character but the double quote and the backslash is converted to itself, the single quote included; what does not print is rejected.
CommandLine.name/system	Implementation		COMMAND_LINE	name		CommandLine.name/nonempty CommandLine.name/stable	yes	lib/basis/sig_command_line.sml	CommandLine.name/system. What the operating system passed to the program, which need not be a path that leads to it.
CommandLine.arguments/none-under-the-runner	Reading		COMMAND_LINE	arguments		CommandLine.arguments/none-under-the-runner	yes	lib/basis/sig_command_line.sml	CommandLine.arguments/none-under-the-runner. Which arguments a program sees is "operating system and implementation-specific": what the system passes after the name, with nothing taken away, and the empty list when it passes none.
GENERAL/exn-spec	Erratum		GENERAL	exn		GENERAL/exn-spec	no	lib/basis/sig_general.sml	GENERAL/exn-spec. The specification writes type exn = exn, which is read as: the type of this structure is the top-level one.
GENERAL/domain-math	Erratum		GENERAL	Domain		General.Domain/Real.floor-nan	yes	lib/basis/sig_general.sml	GENERAL/domain-math. The specification says that the functions of MATH raise it. They do not: a mathematical function answers with a NaN or an infinity instead, and it is REAL and INT_INF that raise Domain.
General.Overflow/bounded-int	Implementation		GENERAL	Overflow		General.Overflow/bounded-int	yes	lib/basis/sig_general.sml	General.Overflow/bounded-int. Whether an operation can overflow depends on the precision of the type: nothing overflows at IntInf.int, which has none.
General.Size/maxLen	Implementation		GENERAL	Size		General.Size/maxLen	yes	lib/basis/sig_general.sml	General.Size/maxLen. What is too large depends on the type: String.maxSize and Array.maxLen say where the bound is.
General.exnName/alias-either-name	Reading		GENERAL	exnName		General.exnName/alias-either-name	yes	lib/basis/sig_general.sml	General.exnName/alias-either-name. For an exception declared to be another one (exception E2 = E1) either name is an answer: the two constructors are the same exception, and which name the implementation kept is its own business.
General.exnMessage/returns-*	Reading		GENERAL	exnMessage		General.exnMessage/returns-*	yes	lib/basis/sig_general.sml	General.exnMessage/returns-*. "The precise format of the message may vary between implementations and locales", so only this is required of it: it returns rather than raising, and it contains exnName ex.
GENERAL/exnMessage-example	Erratum		GENERAL	exnMessage		GENERAL/exnMessage-example	no	lib/basis/sig_general.sml	GENERAL/exnMessage-example. The specification's example exnMessage Div = "Div" contradicts that freedom; it is an example of one possible format, not a rule.
General.exnMessage/format	Implementation		GENERAL	exnMessage		General.exnMessage/format	no	lib/basis/sig_general.sml	General.exnMessage/format. "Fail: " and the argument for a Fail, and exnName ex for everything else.
IEEEReal.setRoundingMode/fesetround	Implementation		IEEE_REAL	setRoundingMode		IEEEReal.setRoundingMode/fesetround	no	lib/basis/sig_ieee_real.sml	IEEEReal.setRoundingMode/fesetround. The mode of the C library, set with fesetround.
IEEEReal.scan/huge-exponent	Reading		IEEE_REAL	scan		IEEEReal.scan/huge-exponent	no	lib/basis/sig_ieee_real.sml	IEEEReal.scan/huge-exponent. An exponent whose digits name a number too large for an int is taken as the largest int rather than raising Overflow: the number it describes is beyond every real anyway.
IntInf.int/limbs	Implementation		INT_INF			IntInf.int/limbs	no	lib/basis/sig_int_inf.sml	IntInf.int/limbs. A sign and a list of digits in base 2^30, written in SML on top of the 64-bit int; equal numbers are equal values, so = compares them. LargeInt is IntInf.
LIST/list-spec	Erratum		LIST	list		LIST/list-spec	no	lib/basis/sig_list.sml	LIST/list-spec. The specification writes the datatype out in the signature. The Definition (Section 2.9) does not allow nil and :: to be specified, so the signature replicates the top-level datatype instead; the meaning is the same.
ListPair.foldrEq/raises-before-applying	Reading		LIST_PAIR	foldrEq		ListPair.foldrEq/raises-before-applying	yes	lib/basis/sig_list_pair.sml	ListPair.foldrEq/raises-before-applying. Folding from the right needs the last pair first, so the ends of both lists are reached before anything is combined: f is not applied at all when the lengths differ.
ListPair.allEq/left-longer	Reading		LIST_PAIR	allEq		ListPair.allEq/left-longer	yes	lib/basis/sig_list_pair.sml	ListPair.allEq/left-longer. It answers false for lists of different lengths rather than raising UnequalLengths: it is the one Eq function that does not raise.
ListPair.allEq/applies-before-lengths-are-known	Reading		LIST_PAIR	allEq		ListPair.allEq/applies-before-lengths-are-known	yes	lib/basis/sig_list_pair.sml	ListPair.allEq/applies-before-lengths-are-known. The specification gives both an equivalent expression, which would apply p to nothing when the lengths differ, and an implementation note, which walks the lists together and stops at the first pair that fails. The note is what is implemented, and all three other systems do the same: p is applied to the pairs of the common prefix before the lengths are known.
Math.pi/nearest-double	Implementation		MATH	pi		Math.pi/nearest-double	yes	lib/basis/sig_math.sml	Math.pi/nearest-double. The real nearest to pi, which differs from it by about 1.2E~16.
Math.sqrt/four	Implementation		MATH	sqrt		Math.sqrt/four	yes	lib/basis/sig_math.sml	Math.sqrt/four. IEEE 754 requires the square root to be correctly rounded, so an exact square gives its root exactly: sqrt 4.0 is 2.0, not something near it.
Math.tan/near-singularity	Reading		MATH	tan		Math.tan/near-singularity	yes	lib/basis/sig_math.sml	Math.tan/near-singularity. The specification says that tan has "infinities at various finite values"; no real is an odd multiple of pi/2, so the function is finite everywhere, and what is asked of it is only that its magnitude near the singularity be large.
Math.pow/one-base-posInf	Reading		MATH	pow		Math.pow/one-base-posInf	yes	lib/basis/sig_math.sml	Math.pow/one-base-posInf. pow (1.0, y) is a NaN for an infinite or NaN y, as the specification's table says; C99 and IEEE 754-2008 make it 1 instead, and Poly/ML follows them.
Math.cosh/negInf	Reading		MATH	cosh		Math.cosh/negInf	yes	lib/basis/sig_math.sml	Math.cosh/negInf. It is positive infinity at either infinity, which is what the definition gives; the specification's table writes "cosh +-infinity = +-infinity", which cannot be meant, and MLton follows it to the letter.
OPTION/option-spec	Erratum		OPTION	option		OPTION/option-spec	no	lib/basis/sig_option.sml	OPTION/option-spec. NONE and SOME may be specified, unlike the constructors of bool and list, so the datatype stands here as the specification writes it.
OS.IO.iodesc/descriptor	Implementation		OS_IO	iodesc		OS.IO.iodesc/descriptor	no	lib/basis/sig_os_io.sml	OS.IO.iodesc/descriptor. The file descriptor of the operating system, a small integer in a datatype of its own.
OS.IO.kind/other-kinds	Reading		OS_IO	kind		OS.IO.kind/other-kinds	no	lib/basis/sig_os_io.sml	OS.IO.kind/other-kinds. "A given implementation may define other iodesc values": the result need not be one of the seven of Kind. An iodesc_kind is a name here, and a descriptor of something else has a name that Kind does not list.
OS.IO.pollDesc/always	Implementation		OS_IO	pollDesc		OS.IO.pollDesc/always	no	lib/basis/sig_os_io.sml	OS.IO.pollDesc/always. Every descriptor can be polled: the answer is never NONE.
OS.IO.Poll/never	Implementation		OS_IO	Poll		OS.IO.Poll/never	no	lib/basis/sig_os_io.sml	OS.IO.Poll/never. It is never raised: the operating system is asked about every event, and answers when poll is called.
OS.IO.poll/closed-SysErr	Reading		OS_IO	poll		OS.IO.poll/closed-SysErr	yes	lib/basis/sig_os_io.sml	OS.IO.poll/closed-SysErr. The specification gives "one of the file descriptors refers to a closed file" as an example of what raises OS.SysErr. The operating system itself reports such a descriptor as ready, so every descriptor is looked at before the wait, and a closed one raises OS.SysErr.
PackReal/encodings	Implementation		PACK_REAL			PackReal/encodings	no	lib/basis/sig_pack_real.sml	PackReal/encodings. PackReal and PackReal64 write the 8 bytes of binary64; PackReal32 the 4 bytes of binary32, and a NaN becomes the quiet NaN of its sign, so a payload is lost.
PackWord/sizes	Implementation		PACK_WORD			PackWord/sizes	no	lib/basis/sig_pack_word.sml	PackWord/sizes. The library has PackWord16, PackWord32 and PackWord64, each Big and Little.
PackWord.subVec/Subscript-not-Overflow	Reading		PACK_WORD	subVec		PackWord.subVec/Subscript-not-Overflow	no	lib/basis/sig_pack_word.sml	PackWord.subVec/Subscript-not-Overflow. The bound is tested without the product bytesPerElem * (i + 1), so a huge i raises Subscript and not Overflow.
STRING/string-types	Erratum		STRING			STRING/string-types	no	lib/basis/sig_string.sml	STRING/string-types. The specification writes the types of toString, scan, fromString, toCString and fromCString with String.string, because the text of an escape is always of 8-bit characters, also for WideString. They are kept as written.
String.string/bytes	Implementation		STRING	string		String.string/bytes	no	lib/basis/sig_string.sml	String.string/bytes. String.string is the top-level string, a sequence of 8-bit characters; WideString.string is one of WideChar.char.
String.maxSize/value	Implementation		STRING	maxSize		String.maxSize/positive String.maxSize/holds-a-long-string	yes	lib/basis/sig_string.sml	String.maxSize/value. 1073741823, which is 2^30 - 1.
String.extract/SOME-Subscript-not-Overflow-size	Reading		STRING	extract		String.extract/SOME-Subscript-not-Overflow-size	yes	lib/basis/sig_string.sml	String.extract/SOME-Subscript-not-Overflow-size. The bound is tested so that it cannot overflow: an i and an n whose sum is no int raise Subscript, not Overflow.
String.scan/as-much-as-possible	Reading		STRING	scan		String.scan/as-much-as-possible	no	lib/basis/sig_string.sml	String.scan/as-much-as-possible. "The longest prefix" is taken to mean that a character that cannot be read ends the scan rather than failing it, and that an escape that is not one ("a\\q") leaves what came before it.
String.fromString/unescaped-double-quote	Reading		STRING	scan		String.fromString/unescaped-double-quote	yes	lib/basis/sig_string.sml	String.fromString/unescaped-double-quote. A double quote without a backslash converts to itself, as in SML/NJ and Poly/ML; MLton stops at it. Char.scan reads it the same way.
String.fromString/format-first	Reading		STRING	fromString		String.fromString/format-first	yes	lib/basis/sig_string.sml	String.fromString/format-first. A formatting sequence counts as read although it stands for no character, so a text of nothing but such a sequence gives SOME "", and so does one that a bad escape follows.
String.fromCString/stops-at-hex-longest-sequence	Reading		STRING	fromCString		String.fromCString/stops-at-hex-longest-sequence	yes	lib/basis/sig_string.sml	String.fromCString/stops-at-hex-longest-sequence. A \x escape takes "the longest sequence" of hexadecimal digits: "\x42C" is one escape of the value 1068, which is no character, and not \x42 followed by C.
StringCvt.SCI/carries-negative	Reading		STRING_CVT	realfmt		StringCvt.SCI/carries-negative	yes	lib/basis/sig_string_cvt.sml	StringCvt.SCI/carries-negative. A constructor carries any int option, also one that no format accepts, such as SCI (SOME ~1): Size is raised by fmt, not by the constructor.
StringCvt.padLeft/width-minInt	Reading		STRING_CVT	padLeft		StringCvt.padLeft/width-minInt	yes	lib/basis/sig_string_cvt.sml	StringCvt.padLeft/width-minInt. For the smallest int the difference i - size s does not exist as an int; s is returned all the same, and Overflow is not raised.
StringCvt.splitl/reads-no-further-than-first-failing	Reading		STRING_CVT	splitl		StringCvt.splitl/reads-no-further-than-first-failing	yes	lib/basis/sig_string_cvt.sml	StringCvt.splitl/reads-no-further-than-first-failing. "Will often use lookahead characters" is taken to mean exactly one: the character that stops the scan is read from the source, and nothing after it.
StringCvt.cs/transparent	Deviation		STRING_CVT	cs		StringCvt.cs/transparent	no	lib/basis/sig_string_cvt.sml	StringCvt.cs/transparent. The specification keeps the type abstract. StringCvt is not sealed, so cs is visibly int, the index of the next character; a program that uses that is not portable.
SUBSTRING/span-exception	Erratum		SUBSTRING			SUBSTRING/span-exception	no	lib/basis/sig_substring.sml	SUBSTRING/span-exception. The specification does not say in the signature that span raises an exception, although its description does; the exception is General.Span.
Substring.substring/slice	Implementation		SUBSTRING	substring		Substring.substring/slice	no	lib/basis/sig_substring.sml	Substring.substring/slice. It is CharVectorSlice.slice, the slice of a vector of characters, so the two structures describe one type.
Substring.extract/no-overflow	Implementation		SUBSTRING	extract		Substring.extract/no-overflow	no	lib/basis/sig_substring.sml	Substring.extract/no-overflow. The bounds are tested so that they cannot overflow: an i and an n whose sum is no int raise Subscript, not Overflow.
Substring.triml/Subscript-negative-k	Reading		SUBSTRING	triml		Substring.triml/Subscript-negative-k	no	lib/basis/sig_substring.sml	Substring.triml/Subscript-negative-k. The specification says that the exception is raised "when triml k is evaluated", before the substring is given, so a partial application with a negative k raises at once.
Substring.position/none-ends-after-the-substring	Erratum		SUBSTRING	position		Substring.position/none-ends-after-the-substring	yes	lib/basis/sig_substring.sml	Substring.position/none-ends-after-the-substring. The specification describes the second component as "the longest suffix of ss that has s as a prefix", and then writes the condition on the index in a way that forgets that the occurrence has to lie inside ss: an s that begins in ss and runs past its end is not an occurrence.
Substring.span/equal-strings-built-separately	Reading		SUBSTRING	span		Substring.span/equal-strings-built-separately	yes	lib/basis/sig_substring.sml	Substring.span/equal-strings-built-separately. "Unless s <> s'" is read as a comparison of the base strings by value: two equal strings that were built separately count as one base.
Real.real/binary64	Implementation		REAL			Real.real/binary64	no	lib/basis/sig_real.sml	Real.real/binary64. Real.real is the top-level real, the 64-bit IEEE double (radix 2, precision 53), and so are LargeReal and Real64; the optional Real32 is binary32. The conversions to and from text are correctly rounded, through the C library.
Real.precision/double	Implementation		REAL	precision		Real.precision/double	yes	lib/basis/sig_real.sml	Real.precision/double. 53 for binary64, which is 52 stored bits and the leading one that is not stored. The arithmetic must show that precision and no more: 1.0 + 2^~52 is greater than 1.0, and 1.0 + 2^~53 rounds back to 1.0.
Real.rem/exact-multiple-negative-x	Reading		REAL	rem		Real.rem/exact-multiple-negative-x	yes	lib/basis/sig_real.sml	Real.rem/exact-multiple-negative-x. The sign of a zero remainder is left open: the specification asks for the sign of x, and the definition x - n * y gives a positive zero.
Real.*+/fused	Implementation		REAL	*+		Real.*+/fused	no	lib/basis/sig_real.sml	Real.*+/fused. Whether the multiplication and the addition are rounded once or twice is left to the implementation.
Real.signBit/zeros	Reading		REAL	signBit		Real.signBit/zeros	no	lib/basis/sig_real.sml	Real.signBit/zeros. It looks at the bit and not at the value, so it tells the two zeros apart and answers for a NaN as well.
Real.toManExp/one	Reading		REAL	toManExp		Real.toManExp/one	yes	lib/basis/sig_real.sml	Real.toManExp/one. The specification writes the range of the significand as "1.0 <= man * radix < radix", which for radix 2 means 0.5 <= |man| < 1.0: the convention of C's frexp, and not the one that puts the point after the first digit. For a zero, an infinity or a NaN the significand is x itself.
Real.nextAfter/equal-zeros-returns-r	Reading		REAL	nextAfter		Real.nextAfter/equal-zeros-returns-r	yes	lib/basis/sig_real.sml	Real.nextAfter/equal-zeros-returns-r. "If r = t then it returns r": the two zeros are equal, so nextAfter (~0.0, 0.0) is ~0.0. C's nextafter returns t there, and MLton and Poly/ML follow C.
Real.realFloor/negzero-sign	Reading		REAL	realFloor		Real.realFloor/negzero-sign	yes	lib/basis/sig_real.sml	Real.realFloor/negzero-sign. The specification is silent about the sign of a zero result; IEEE 754 keeps the sign of the operand, so realFloor ~0.5 is ~0.0. The same holds for realCeil, realTrunc and realRound.
Real.realRound/tie-half	Reading		REAL	realRound		Real.realRound/tie-half	yes	lib/basis/sig_real.sml	Real.realRound/tie-half. A value exactly between two whole numbers goes to the even one, as it does for round: the specification states the rule under round alone, and IEEE 754's rounding to an integral value agrees.
Real.fromLargeInt/tie-rounds-to-even-down	Reading		REAL	fromLargeInt		Real.fromLargeInt/tie-rounds-to-even-down	yes	lib/basis/sig_real.sml	Real.fromLargeInt/tie-rounds-to-even-down. The current rounding mode is used; under the default one a value exactly between two reals goes to the one whose last digit is even, and the digits that are dropped decide the rest.
LargeReal/at-least-Real	Reading		REAL	fromLarge		LargeReal/at-least-Real	no	lib/basis/sig_real.sml	LargeReal/at-least-Real. LargeReal is at least as wide as Real, so this rounds only where it is wider.
Real.fmt/SCI-negzero	Reading		REAL	fmt		Real.fmt/SCI-negzero	yes	lib/basis/sig_real.sml	Real.fmt/SCI-negzero. A negative zero is written with its sign, because the formats are described as [~]? and signBit is set; MLton leaves the sign out.
Real.fmt/GEN-integral-one	Reading		REAL	fmt		Real.fmt/GEN-integral-one	yes	lib/basis/sig_real.sml	Real.fmt/GEN-integral-one. In GEN, a number with no fractional part is written without a point, as C's gcvt does, and the shorter of the scientific and the fixed form is taken, a tie going to the fixed one: fmt (GEN NONE) 1.0 is "1" and fmt (GEN NONE) 1000.0 is "1E3".
Real.fromString/TO_NEGINF-negative	Reading		REAL	fromString		Real.fromString/TO_NEGINF-negative	yes	lib/basis/sig_real.sml	Real.fromString/TO_NEGINF-negative. The numeral is rounded in the rounding mode that is in force, as in MLton and in C's strtod; SML/NJ and Poly/ML always round to nearest. Real32.fromString rounds once, straight to binary32, and not first to binary64.
TEXT/vector-constraint	Erratum		TEXT			Text:TEXT/CharVector.vector	yes	lib/basis/sig_text.sml	TEXT/vector-constraint. The specification writes the identity of CharVector.vector with String.string as one more sharing constraint. It cannot be written after the constraint on String.string itself (Definition, rule 64: the type is no longer flexible), so it is checked on values in the suite instead.
